[
    {
        "id": 8,
        "name": "Seeds of Destruction",
        "description": "Good producing cultivar.  Plant in location with full exposure to loneliness and despair. Destruction pods will be ready to harvest in 70-80 days. <script>alert('Did you sanitize your file inputs squire?')<\/script>",
        "price": 15,
        "quantity": 48
    },
    {
        "id": 9,
        "name": "Bag of Ill Winds",
        "description": "Warning: contains lingering souls. Use in well-ventilated area.",
        "price": 380,
        "quantity": 2
    },
    {
        "id": 1,
        "name": "Copper Dagger",
        "description": "Every shop's got to have one, right?",
        "quantity": 1,
        "price": 136
    },
    {
        "id": 2,
        "name": "Leather Armour",
        "description": "Genuine Italian Leather.  (Made from cows, not Italians.)",
        "quantity": 1,
        "price": 180
    }
]