[
    {
        "id": 1,
        "name": "Copper Dagger",
        "description": "Every shop has to have one, right?",
        "price": 25,
        "quantity": 4
    },
    {
        "id": 2,
        "name": "Leather Armour",
        "description": "Genuine Italian Leather.  (Made from cows, not Italians.)",
        "price": 85,
        "quantity": 3
    },
    {
        "id": 3,
        "name": "Small Potion of Health",
        "description": "Adult dosage: 2 tbsp every 4-6 hours.  Do not exceed 4 doses in 24 hours.",
        "price": 30,
        "quantity": 4
    }
]